{
  "project_info": {
    "project_number": "600663981663",
    "firebase_url": "https://writers-block-89203.firebaseio.com",
    "project_id": "writers-block-89203",
    "storage_bucket": "writers-block-89203.appspot.com"
  },
  "client": [
    {
      "client_info": {
        "mobilesdk_app_id": "1:600663981663:android:c81da337a4a64406",
        "android_client_info": {
          "package_name": "com.techart.writersblock"
        }
      },
      "oauth_client": [
        {
          "client_id": "600663981663-f5dokugo3hcpec778t8e85bkjrifq291.apps.googleusercontent.com",
          "client_type": 1,
          "android_info": {
            "package_name": "com.techart.writersblock",
            "certificate_hash": "7fe194d626ebf910e58821e4f7080042f183914f"
          }
        },
        {
          "client_id": "600663981663-6rp8itiqhsvd6hq3tthrhlsv6n1dq4lh.apps.googleusercontent.com",
          "client_type": 1,
          "android_info": {
            "package_name": "com.techart.writersblock",
            "certificate_hash": "c7dde1e0a0ccfb4f5b84f3324af6cdb0411fb5e8"
          }
        },
        {
          "client_id": "600663981663-1vjh84lkff2dali5915a1lh11ta0stlh.apps.googleusercontent.com",
          "client_type": 3
        }
      ],
      "api_key": [
        {
          "current_key": "AIzaSyCRlHpTYHUXBalWQgJh_6Yj9yC2dchWCr8"
        }
      ],
      "services": {
        "appinvite_service": {
          "other_platform_oauth_client": [
            {
              "client_id": "600663981663-1vjh84lkff2dali5915a1lh11ta0stlh.apps.googleusercontent.com",
              "client_type": 3
            }
          ]
        }
      }
    }
  ],
  "configuration_version": "1"
}